global_step,episode,length,reward,success,collision,epsilon,temperature
64,1,64,-210.4786143489182,0.0,1.0,0.11990857142857142,0.9993142857142857
134,2,70,-253.54300463432446,0.0,1.0,0.11980857142857143,0.9985642857142857
197,3,63,-252.97328027710319,0.0,1.0,0.11971857142857142,0.9978892857142857
258,4,61,-343.8157026357949,0.0,1.0,0.11963142857142857,0.9972357142857143
317,5,59,-241.7389622312039,0.0,1.0,0.11954714285714285,0.9966035714285715
377,6,60,-250.61806628433987,0.0,1.0,0.11946142857142857,0.9959607142857143
436,7,59,-212.98118663066998,0.0,1.0,0.11937714285714285,0.9953285714285715
500,8,64,-239.40251130284742,0.0,1.0,0.11928571428571429,0.9946428571428572
554,9,54,-208.53721073269844,0.0,1.0,0.11920857142857143,0.9940642857142857
619,10,65,-229.77119261398911,0.0,1.0,0.11911571428571428,0.9933678571428571
677,11,58,-241.78826746717095,0.0,1.0,0.11903285714285713,0.9927464285714286
731,12,54,-215.42092027887702,0.0,1.0,0.11895571428571428,0.9921678571428572
788,13,57,-216.29081060737371,0.0,1.0,0.11887428571428571,0.9915571428571428
853,14,65,-282.05124021321535,0.0,1.0,0.11878142857142857,0.9908607142857143
907,15,54,-217.48754848726094,0.0,1.0,0.1187042857142857,0.9902821428571429
968,16,61,-224.02214250341058,0.0,1.0,0.11861714285714285,0.9896285714285714
1026,17,58,-208.4200065121986,0.0,1.0,0.1185342857142857,0.9890071428571429
1092,18,66,-262.3016757816076,0.0,1.0,0.11843999999999999,0.9883
1151,19,59,-269.42809312045574,0.0,1.0,0.11835571428571429,0.9876678571428571
1214,20,63,-214.39066465571523,0.0,1.0,0.11826571428571428,0.9869928571428571
1276,21,62,-209.3973743286915,0.0,1.0,0.11817714285714286,0.9863285714285714
1333,22,57,-224.62350909784436,0.0,1.0,0.11809571428571428,0.9857178571428571
1394,23,61,-238.17276356369257,0.0,1.0,0.11800857142857142,0.9850642857142857
1456,24,62,-269.4419805780053,0.0,1.0,0.11792,0.9844
1514,25,58,-251.2120778192766,0.0,1.0,0.11783714285714285,0.9837785714285714
1574,26,60,-223.13181426003575,0.0,1.0,0.11775142857142856,0.9831357142857143
1631,27,57,-245.85335778817534,0.0,1.0,0.11767,0.982525
1703,28,72,-265.65846375748515,0.0,1.0,0.11756714285714286,0.9817535714285714
1767,29,64,-222.22163849323988,0.0,1.0,0.11747571428571428,0.9810678571428572
1830,30,63,-258.1969079473056,0.0,1.0,0.11738571428571429,0.9803928571428572
1898,31,68,-264.1744442284107,0.0,1.0,0.11728857142857142,0.9796642857142858
1957,32,59,-266.450365755707,0.0,1.0,0.1172042857142857,0.9790321428571429
2062,33,105,-21.825900476891547,1.0,0.0,0.11705428571428571,0.9779071428571429
2170,34,108,7.526926148682833,1.0,0.0,0.11689999999999999,0.97675
2284,35,114,6.940747827291489,1.0,0.0,0.11673714285714286,0.9755285714285714
2395,36,111,-20.346690001431853,1.0,0.0,0.11657857142857142,0.9743392857142857
2509,37,114,31.690395921468735,1.0,0.0,0.11641571428571428,0.9731178571428571
2625,38,116,8.466358880512416,1.0,0.0,0.11624999999999999,0.971875
2737,39,112,32.38035809341818,1.0,0.0,0.11609,0.970675
2846,40,109,7.370083476882428,1.0,0.0,0.11593428571428571,0.9695071428571429
2956,41,110,46.42464331537485,1.0,0.0,0.11577714285714286,0.9683285714285714
3067,42,111,32.23569920659065,1.0,0.0,0.11561857142857143,0.9671392857142858
3176,43,109,30.06702147750184,1.0,0.0,0.11546285714285714,0.9659714285714286
3293,44,117,37.595022924244404,1.0,0.0,0.11529571428571428,0.9647178571428572
3394,45,101,24.390699334442616,1.0,0.0,0.11515142857142857,0.9636357142857143
3500,46,106,42.600254327990115,1.0,0.0,0.11499999999999999,0.9625
3616,47,116,32.81843356322497,1.0,0.0,0.11483428571428571,0.9612571428571428
3725,48,109,14.794889014214277,1.0,0.0,0.11467857142857142,0.9600892857142858
3837,49,112,30.81407297262922,1.0,0.0,0.11451857142857143,0.9588892857142857
3949,50,112,16.100368094164878,1.0,0.0,0.11435857142857142,0.9576892857142857
4053,51,104,31.650111894123256,1.0,0.0,0.11420999999999999,0.956575
4165,52,112,27.18890519393608,1.0,0.0,0.11405,0.955375
4276,53,111,37.54959120694548,1.0,0.0,0.11389142857142857,0.9541857142857143
4393,54,117,20.347557950299233,1.0,0.0,0.11372428571428571,0.9529321428571429
4504,55,111,36.529662393033504,1.0,0.0,0.11356571428571428,0.9517428571428571
4614,56,110,46.571339316200465,1.0,0.0,0.11340857142857143,0.9505642857142858
4728,57,114,27.51118758507073,1.0,0.0,0.11324571428571428,0.9493428571428572
4833,58,105,42.03344360366464,1.0,0.0,0.11309571428571429,0.9482178571428571
4937,59,104,15.226458437740803,1.0,0.0,0.11294714285714286,0.9471035714285714
5046,60,109,24.19533847644925,1.0,0.0,0.11279142857142857,0.9459357142857143
5148,61,102,33.25838178396225,1.0,0.0,0.11264571428571428,0.9448428571428571
5259,62,111,28.23341757012531,1.0,0.0,0.11248714285714285,0.9436535714285714
5370,63,111,-14.201666413340718,1.0,0.0,0.11232857142857143,0.9424642857142858
5486,64,116,46.02592075383291,1.0,0.0,0.11216285714285713,0.9412214285714285
5596,65,110,38.61698679346591,1.0,0.0,0.11200571428571428,0.9400428571428572
5694,66,98,51.722184754908085,1.0,0.0,0.11186571428571428,0.9389928571428572
5810,67,116,41.04814616031945,1.0,0.0,0.1117,0.93775
5919,68,109,47.98811008920893,1.0,0.0,0.1115442857142857,0.9365821428571428
6030,69,111,26.881451472640038,1.0,0.0,0.11138571428571428,0.9353928571428571
6144,70,114,32.24385835649446,1.0,0.0,0.11122285714285714,0.9341714285714285
6249,71,105,45.239522425457835,1.0,0.0,0.11107285714285714,0.9330464285714286
6362,72,113,35.08065541787073,1.0,0.0,0.11091142857142856,0.9318357142857143
6460,73,98,31.78241397999227,1.0,0.0,0.11077142857142856,0.9307857142857143
6568,74,108,37.56118905497715,1.0,0.0,0.11061714285714286,0.9296285714285715
6677,75,109,19.213521350175142,1.0,0.0,0.11046142857142857,0.9284607142857143
6793,76,116,40.26568633271381,1.0,0.0,0.11029571428571427,0.9272178571428571
6896,77,103,31.374894499313086,1.0,0.0,0.11014857142857143,0.9261142857142857
7010,78,114,48.262628234922886,1.0,0.0,0.10998571428571428,0.9248928571428572
7116,79,106,35.191096290480345,1.0,0.0,0.10983428571428572,0.9237571428571428
7220,80,104,40.944692668970674,1.0,0.0,0.10968571428571428,0.9226428571428571
7330,81,110,31.816903768107295,1.0,0.0,0.10952857142857142,0.9214642857142857
7440,82,110,43.89604637399316,1.0,0.0,0.10937142857142856,0.9202857142857143
7550,83,110,33.69751997990534,1.0,0.0,0.10921428571428571,0.9191071428571429
7659,84,109,15.993710182607174,1.0,0.0,0.10905857142857142,0.9179392857142857
7771,85,112,39.13985799159855,1.0,0.0,0.10889857142857143,0.9167392857142858
7874,86,103,34.926353241316974,1.0,0.0,0.10875142857142857,0.9156357142857143
7980,87,106,25.38722482137382,1.0,0.0,0.1086,0.9145
8090,88,110,48.98549435753375,1.0,0.0,0.10844285714285715,0.9133214285714286
8202,89,112,26.522508192341775,1.0,0.0,0.10828285714285714,0.9121214285714285
8311,90,109,18.62317778915167,1.0,0.0,0.10812714285714285,0.9109535714285715
8427,91,116,31.325757999904454,1.0,0.0,0.10796142857142857,0.9097107142857143
8538,92,111,40.51357227936387,1.0,0.0,0.10780285714285714,0.9085214285714286
8654,93,116,39.84266052301973,1.0,0.0,0.10763714285714285,0.9072785714285714
8760,94,106,40.014248457271606,1.0,0.0,0.10748571428571428,0.9061428571428571
8837,95,77,-146.82217747764662,0.0,1.0,0.10737571428571428,0.9053178571428572
8920,96,83,-147.4625181928277,0.0,1.0,0.10725714285714286,0.9044285714285715
9034,97,114,27.11789648188278,1.0,0.0,0.10709428571428571,0.9032071428571429
9142,98,108,24.58413704438135,1.0,0.0,0.10694,0.90205
9256,99,114,37.42468296876177,1.0,0.0,0.10677714285714285,0.9008285714285714
9325,100,69,-158.87429307444836,0.0,1.0,0.10667857142857143,0.9000892857142857
9436,101,111,41.47214649710804,1.0,0.0,0.10652,0.8989
9543,102,107,32.58333570603281,1.0,0.0,0.10636714285714285,0.8977535714285714
9654,103,111,47.71133263409138,1.0,0.0,0.10620857142857143,0.8965642857142857
9761,104,107,25.907452376559377,1.0,0.0,0.10605571428571428,0.8954178571428572
9871,105,110,28.27784771937877,1.0,0.0,0.10589857142857143,0.8942392857142857
9982,106,111,3.16321800975129,1.0,0.0,0.10574,0.89305
10091,107,109,43.19839361310005,1.0,0.0,0.10558428571428571,0.8918821428571428
10202,108,111,27.726017541717738,1.0,0.0,0.10542571428571429,0.8906928571428572
10314,109,112,38.66259902343154,1.0,0.0,0.10526571428571428,0.8894928571428571
10430,110,116,40.80260356049985,1.0,0.0,0.1051,0.88825
10534,111,104,43.554567208047956,1.0,0.0,0.10495142857142857,0.8871357142857142
10647,112,113,36.671960745501565,1.0,0.0,0.10479,0.885925
10756,113,109,47.074961095582694,1.0,0.0,0.10463428571428571,0.8847571428571428
10865,114,109,37.430440166033804,1.0,0.0,0.10447857142857142,0.8835892857142857
10973,115,108,34.76516333175823,1.0,0.0,0.10432428571428572,0.8824321428571429
11074,116,101,23.61873531807214,1.0,0.0,0.10418,0.88135
11175,117,101,45.713234254624695,1.0,0.0,0.10403571428571429,0.8802678571428572
11246,118,71,-123.97761835996062,0.0,1.0,0.10393428571428572,0.8795071428571428
11350,119,104,33.97220212593675,1.0,0.0,0.10378571428571429,0.8783928571428572
11466,120,116,41.205369878560305,1.0,0.0,0.10361999999999999,0.87715
11581,121,115,43.542457059491426,1.0,0.0,0.10345571428571429,0.8759178571428572
11686,122,105,24.34976504603401,1.0,0.0,0.10330571428571428,0.8747928571428571
11748,123,62,-158.79686291515827,0.0,1.0,0.10321714285714285,0.8741285714285714
11852,124,104,46.19622220052406,1.0,0.0,0.10306857142857143,0.8730142857142857
11957,125,105,30.707018423825502,1.0,0.0,0.10291857142857143,0.8718892857142857
12071,126,114,46.321160804480314,1.0,0.0,0.10275571428571428,0.8706678571428571
12179,127,108,20.366521924734116,1.0,0.0,0.10260142857142857,0.8695107142857142
12291,128,112,47.629670767113566,1.0,0.0,0.10244142857142857,0.8683107142857143
12407,129,116,34.660482489522565,1.0,0.0,0.10227571428571428,0.8670678571428572
12509,130,102,51.23119085049257,1.0,0.0,0.10213,0.8659749999999999
12617,131,108,33.21066399710253,1.0,0.0,0.10197571428571428,0.8648178571428571
12733,132,116,8.742885435465723,1.0,0.0,0.10181,0.863575
12839,133,106,33.587194875843124,1.0,0.0,0.10165857142857143,0.8624392857142857
12946,134,107,41.530098292045295,1.0,0.0,0.10150571428571428,0.8612928571428571
13060,135,114,41.84900668961927,1.0,0.0,0.10134285714285714,0.8600714285714286
13176,136,116,43.55787752242759,1.0,0.0,0.10117714285714285,0.8588285714285714
13289,137,113,38.48753039725125,1.0,0.0,0.10101571428571428,0.8576178571428572
13387,138,98,37.5706475879997,1.0,0.0,0.10087571428571429,0.8565678571428572
13456,139,69,-172.16386768966913,0.0,1.0,0.10077714285714286,0.8558285714285714
13522,140,66,-168.33105038525537,0.0,1.0,0.10068285714285714,0.8551214285714286
13632,141,110,26.610276808962226,1.0,0.0,0.10052571428571429,0.8539428571428571
13742,142,110,30.279400296043605,1.0,0.0,0.10036857142857142,0.8527642857142856
13853,143,111,35.21734026775812,1.0,0.0,0.10021,0.851575
13964,144,111,42.124251583154546,1.0,0.0,0.10005142857142857,0.8503857142857143
14073,145,109,37.97419252572581,1.0,0.0,0.09989571428571428,0.8492178571428571
14179,146,106,53.23732462152839,1.0,0.0,0.09974428571428572,0.8480821428571429
14293,147,114,45.848646469414234,1.0,0.0,0.09958142857142857,0.8468607142857143
14356,148,63,-172.93644854985178,0.0,1.0,0.09949142857142856,0.8461857142857143
14467,149,111,48.35362072661519,1.0,0.0,0.09933285714285714,0.8449964285714286
14565,150,98,38.36164525523782,1.0,0.0,0.09919285714285714,0.8439464285714285
14675,151,110,47.71054954735155,1.0,0.0,0.09903571428571428,0.8427678571428572
14785,152,110,46.45591526851058,1.0,0.0,0.09887857142857143,0.8415892857142857
14848,153,63,-189.255853459239,0.0,1.0,0.09878857142857142,0.8409142857142857
14958,154,110,34.08999951509759,1.0,0.0,0.09863142857142856,0.8397357142857143
15067,155,109,42.929537053685635,1.0,0.0,0.09847571428571428,0.8385678571428572
15180,156,113,56.15783274313435,1.0,0.0,0.09831428571428572,0.8373571428571429
15293,157,113,53.909976727794856,1.0,0.0,0.09815285714285714,0.8361464285714286
15394,158,101,43.46395860193297,1.0,0.0,0.09800857142857143,0.8350642857142857
15510,159,116,-13.962155669927597,1.0,0.0,0.09784285714285715,0.8338214285714286
15611,160,101,24.30042290268466,1.0,0.0,0.09769857142857143,0.8327392857142857
15718,161,107,50.01266466546804,1.0,0.0,0.09754571428571428,0.8315928571428571
15775,162,57,-114.56784366162901,0.0,1.0,0.09746428571428571,0.8309821428571429
15886,163,111,42.55914295464754,1.0,0.0,0.09730571428571429,0.8297928571428571
15962,164,76,-123.19762461259961,0.0,1.0,0.09719714285714286,0.8289785714285715
16027,165,65,-154.61889449413866,0.0,1.0,0.09710428571428571,0.8282821428571429
16140,166,113,47.07853364897892,1.0,0.0,0.09694285714285714,0.8270714285714286
16246,167,106,26.374887991696596,1.0,0.0,0.09679142857142857,0.8259357142857142
16356,168,110,45.59152635699138,1.0,0.0,0.09663428571428571,0.8247571428571429
16461,169,105,20.726647523231804,1.0,0.0,0.09648428571428572,0.8236321428571428
16519,170,58,-122.87429449427873,0.0,1.0,0.09640142857142857,0.8230107142857143
16625,171,106,38.829669868107885,1.0,0.0,0.09625,0.821875
16737,172,112,38.49607532797381,1.0,0.0,0.09609,0.820675
16811,173,74,-116.85587517358363,0.0,1.0,0.09598428571428572,0.8198821428571429
16919,174,108,9.273444497957826,1.0,0.0,0.09583,0.818725
17027,175,108,36.359526962041855,1.0,0.0,0.09567571428571428,0.8175678571428571
17129,176,102,17.96627028984949,1.0,0.0,0.09553,0.8164750000000001
17242,177,113,38.115766940187314,1.0,0.0,0.09536857142857143,0.8152642857142858
17309,178,67,-111.06382158771157,0.0,1.0,0.09527285714285715,0.8145464285714286
17414,179,105,34.83866390585899,1.0,0.0,0.09512285714285715,0.8134214285714285
17525,180,111,37.2815791903995,1.0,0.0,0.09496428571428571,0.8122321428571428
17628,181,103,37.03823215980083,1.0,0.0,0.09481714285714285,0.8111285714285714
17737,182,109,29.385305764633813,1.0,0.0,0.09466142857142856,0.8099607142857144
17850,183,113,52.55523214209825,1.0,0.0,0.0945,0.80875
17960,184,110,26.49333640234545,1.0,0.0,0.09434285714285714,0.8075714285714286
18070,185,110,41.548502473160625,1.0,0.0,0.09418571428571429,0.8063928571428571
18177,186,107,50.057743090670556,1.0,0.0,0.09403285714285714,0.8052464285714286
18277,187,100,45.00912940595299,1.0,0.0,0.09389,0.804175
18389,188,112,34.35210607945919,1.0,0.0,0.09373,0.802975
18447,189,58,-131.93506188783795,0.0,1.0,0.09364714285714285,0.8023535714285714
18561,190,114,29.583956412039697,1.0,0.0,0.09348428571428571,0.8011321428571428
18634,191,73,-127.718928322196,0.0,1.0,0.09337999999999999,0.80035
18745,192,111,37.591206967365,1.0,0.0,0.09322142857142857,0.7991607142857142
18851,193,106,36.46447240933776,1.0,0.0,0.09307,0.798025
18958,194,107,37.89210542012006,1.0,0.0,0.09291714285714285,0.7968785714285714
19066,195,108,35.647936679422855,1.0,0.0,0.09276285714285713,0.7957214285714286
19176,196,110,43.46375804254785,1.0,0.0,0.09260571428571428,0.7945428571428571
19278,197,102,52.02379497839138,1.0,0.0,0.09246,0.79345
19389,198,111,30.127103011123836,1.0,0.0,0.09230142857142856,0.7922607142857143
19489,199,100,34.57321261896868,1.0,0.0,0.09215857142857142,0.7911892857142857
19552,200,63,-183.47910545393825,0.0,1.0,0.09206857142857142,0.7905142857142857
19661,201,109,-6.014042250812054,1.0,0.0,0.09191285714285714,0.7893464285714286
19769,202,108,52.61177220568061,1.0,0.0,0.09175857142857143,0.7881892857142857
19875,203,106,28.2288164710626,1.0,0.0,0.09160714285714286,0.7870535714285715
19984,204,109,34.78519843099639,1.0,0.0,0.09145142857142857,0.7858857142857143
20093,205,109,33.174778716638684,1.0,0.0,0.09129571428571429,0.7847178571428571
20173,206,80,-128.90219227271155,0.0,1.0,0.09118142857142857,0.7838607142857144
20281,207,108,39.707575369626284,1.0,0.0,0.09102714285714285,0.7827035714285714
20396,208,115,35.71632108138874,1.0,0.0,0.09086285714285713,0.7814714285714286
20452,209,56,-125.42641518078744,0.0,1.0,0.09078285714285714,0.7808714285714285
20561,210,109,24.30925428494811,1.0,0.0,0.09062714285714285,0.7797035714285714
20671,211,110,35.91775429993868,1.0,0.0,0.09047,0.778525
20739,212,68,-119.22331388993189,0.0,1.0,0.09037285714285714,0.7777964285714285
20801,213,62,-121.12857394851744,0.0,1.0,0.0902842857142857,0.7771321428571429
20860,214,59,-125.72880476666614,0.0,1.0,0.0902,0.7765
20970,215,110,45.833235553465784,1.0,0.0,0.09004285714285715,0.7753214285714286
21046,216,76,-186.00675554061309,0.0,1.0,0.08993428571428572,0.7745071428571428
21149,217,103,15.351063133217394,1.0,0.0,0.08978714285714286,0.7734035714285714
21213,218,64,-155.43196345865726,0.0,1.0,0.08969571428571428,0.7727178571428571
21316,219,103,24.152061538770795,1.0,0.0,0.08954857142857142,0.7716142857142857
21385,220,69,-124.16290965676308,0.0,1.0,0.08945,0.770875
21489,221,104,54.23911504074931,1.0,0.0,0.08930142857142856,0.7697607142857142
21592,222,103,38.48317885724828,1.0,0.0,0.08915428571428571,0.7686571428571428
21705,223,113,47.83241099026054,1.0,0.0,0.08899285714285715,0.7674464285714286
21771,224,66,-133.93533275276423,0.0,1.0,0.08889857142857144,0.7667392857142857
21882,225,111,40.71728349500336,1.0,0.0,0.08874,0.76555
21989,226,107,40.26971140829846,1.0,0.0,0.08858714285714286,0.7644035714285714
22095,227,106,46.59992968989536,1.0,0.0,0.08843571428571428,0.763267857142857
22199,228,104,32.09653905360028,1.0,0.0,0.08828714285714286,0.7621535714285714
22297,229,98,43.42785249277949,1.0,0.0,0.08814714285714285,0.7611035714285714
22408,230,111,32.68197489483282,1.0,0.0,0.08798857142857142,0.7599142857142858
22517,231,109,52.934763653203845,1.0,0.0,0.08783285714285714,0.7587464285714286
22589,232,72,-122.92049562186003,0.0,1.0,0.08773,0.7579750000000001
22650,233,61,-124.34231116995215,0.0,1.0,0.08764285714285713,0.7573214285714286
22755,234,105,36.37413392262533,1.0,0.0,0.08749285714285715,0.7561964285714285
22860,235,105,32.43651513336226,1.0,0.0,0.08734285714285714,0.7550714285714286
22972,236,112,39.257996805012226,1.0,0.0,0.08718285714285715,0.7538714285714285
23088,237,116,33.79309311835095,1.0,0.0,0.08701714285714285,0.7526285714285714
23196,238,108,33.48914712900296,1.0,0.0,0.08686285714285713,0.7514714285714286
23299,239,103,19.677071195095778,1.0,0.0,0.08671571428571428,0.7503678571428571
23361,240,62,-123.09794238070026,0.0,1.0,0.08662714285714285,0.7497035714285714
23470,241,109,21.585148904006928,1.0,0.0,0.08647142857142856,0.7485357142857143
23542,242,72,-179.01925230771303,0.0,1.0,0.08636857142857143,0.7477642857142857
23600,243,58,-184.16403437685221,0.0,1.0,0.08628571428571429,0.7471428571428571
23707,244,107,40.45416113594547,1.0,0.0,0.08613285714285715,0.7459964285714286
23819,245,112,42.35592156976418,1.0,0.0,0.08597285714285714,0.7447964285714286
23927,246,108,35.35584263270721,1.0,0.0,0.08581857142857142,0.7436392857142857
24037,247,110,27.59303357079625,1.0,0.0,0.08566142857142857,0.7424607142857143
24103,248,66,-122.82661217451096,0.0,1.0,0.08556714285714286,0.7417535714285715
24167,249,64,-124.70146839646623,0.0,1.0,0.0854757142857143,0.7410678571428572
24244,250,77,-180.9476626883261,0.0,1.0,0.0853657142857143,0.7402428571428572
24359,251,115,27.282304565887898,1.0,0.0,0.08520142857142857,0.7390107142857143
24468,252,109,35.734382601833204,1.0,0.0,0.08504571428571428,0.7378428571428571
24577,253,109,9.319222636520863,1.0,0.0,0.08489,0.736675
24682,254,105,39.391862673917785,1.0,0.0,0.08474,0.7355499999999999
24744,255,62,-156.53930118121207,0.0,1.0,0.08465142857142857,0.7348857142857143
24811,256,67,-127.20362139493227,0.0,1.0,0.08455571428571429,0.7341678571428571
24917,257,106,32.0752218067646,1.0,0.0,0.08440428571428571,0.7330321428571429
25021,258,104,37.818070594687015,1.0,0.0,0.0842557142857143,0.7319178571428572
25078,259,57,-120.44077252130955,0.0,1.0,0.08417428571428572,0.7313071428571429
25181,260,103,24.9866048283875,1.0,0.0,0.08402714285714286,0.7302035714285714
25244,261,63,-134.29686083085835,0.0,1.0,0.08393714285714285,0.7295285714285714
25310,262,66,-176.29818082600832,0.0,1.0,0.08384285714285714,0.7288214285714285
25423,263,113,42.01427674808656,1.0,0.0,0.08368142857142857,0.7276107142857142
25534,264,111,41.4267510692589,1.0,0.0,0.08352285714285715,0.7264214285714286
25642,265,108,51.723158192377014,1.0,0.0,0.08336857142857143,0.7252642857142857
25751,266,109,25.426000701263547,1.0,0.0,0.08321285714285714,0.7240964285714286
25865,267,114,48.887583097908646,1.0,0.0,0.08305,0.7228749999999999
25977,268,112,38.024072935804725,1.0,0.0,0.08288999999999999,0.7216750000000001
26087,269,110,41.86080700950697,1.0,0.0,0.08273285714285714,0.7204964285714286
26201,270,114,43.21670892415568,1.0,0.0,0.08257,0.719275
26300,271,99,35.49394195713103,1.0,0.0,0.08242857142857143,0.7182142857142857
26408,272,108,50.85888049006462,1.0,0.0,0.08227428571428572,0.7170571428571428
26520,273,112,41.09332638140768,1.0,0.0,0.08211428571428572,0.7158571428571429
26590,274,70,-121.8244375535287,0.0,1.0,0.0820142857142857,0.7151071428571429
26702,275,112,32.36055730842054,1.0,0.0,0.08185428571428571,0.7139071428571429
26813,276,111,43.25570439081639,1.0,0.0,0.08169571428571429,0.7127178571428572
26913,277,100,29.007620438933372,1.0,0.0,0.08155285714285715,0.7116464285714286
27028,278,115,38.46694755367935,1.0,0.0,0.08138857142857142,0.7104142857142857
27089,279,61,-194.81508169695735,0.0,1.0,0.08130142857142858,0.7097607142857143
27198,280,109,25.64590379036963,1.0,0.0,0.0811457142857143,0.7085928571428571
27308,281,110,46.97556185722351,1.0,0.0,0.08098857142857144,0.7074142857142858
27372,282,64,-170.51545495539904,0.0,1.0,0.08089714285714286,0.7067285714285714
27431,283,59,-188.16377136483788,0.0,1.0,0.08081285714285713,0.7060964285714286
27530,284,99,48.399783320724964,1.0,0.0,0.08067142857142856,0.7050357142857142
27632,285,102,23.35596114723012,1.0,0.0,0.08052571428571428,0.7039428571428572
27701,286,69,-133.7089218571782,0.0,1.0,0.08042714285714286,0.7032035714285714
27812,287,111,44.37668162025511,1.0,0.0,0.08026857142857143,0.7020142857142857
27917,288,105,35.17249953048304,1.0,0.0,0.08011857142857143,0.7008892857142857
27973,289,56,-174.81109161302447,0.0,1.0,0.08003857142857143,0.7002892857142857
28077,290,104,27.167004887014627,1.0,0.0,0.07988999999999999,0.699175
28180,291,103,33.990340295713395,1.0,0.0,0.07974285714285714,0.6980714285714286
28293,292,113,55.967460095416754,1.0,0.0,0.07958142857142858,0.6968607142857143
28404,293,111,14.157007725927542,1.0,0.0,0.07942285714285714,0.6956714285714286
28509,294,105,41.15109681524336,1.0,0.0,0.07927285714285714,0.6945464285714286
28582,295,73,-173.1277752239257,0.0,1.0,0.07916857142857142,0.6937642857142857
28690,296,108,43.13899783883244,1.0,0.0,0.0790142857142857,0.6926071428571429
28753,297,63,-185.10202600061893,0.0,1.0,0.07892428571428571,0.6919321428571428
28865,298,112,40.72998848510906,1.0,0.0,0.0787642857142857,0.6907321428571429
28973,299,108,37.477261156309396,1.0,0.0,0.07861,0.689575
29084,300,111,41.72914234967902,1.0,0.0,0.07845142857142856,0.6883857142857143
29154,301,70,-126.96991817094386,0.0,1.0,0.07835142857142857,0.6876357142857144
29261,302,107,46.45628183148801,1.0,0.0,0.07819857142857142,0.6864892857142857
29370,303,109,42.10494800005108,1.0,0.0,0.07804285714285714,0.6853214285714285
29483,304,113,33.350687995087355,1.0,0.0,0.07788142857142857,0.6841107142857143
29594,305,111,41.88341248733923,1.0,0.0,0.07772285714285715,0.6829214285714286
29695,306,101,43.17491768673062,1.0,0.0,0.07757857142857143,0.6818392857142856
29760,307,65,-120.30370784364641,0.0,1.0,0.07748571428571428,0.6811428571428572
29869,308,109,40.135918769519776,1.0,0.0,0.07733,0.679975
29937,309,68,-187.75871148705482,0.0,1.0,0.07723285714285713,0.6792464285714286
29993,310,56,-191.72765642404556,0.0,1.0,0.07715285714285713,0.6786464285714287
30106,311,113,41.98759037069976,1.0,0.0,0.07699142857142857,0.6774357142857143
30178,312,72,-193.22400458576158,0.0,1.0,0.07688857142857142,0.6766642857142857
30290,313,112,44.68881180463359,1.0,0.0,0.07672857142857142,0.6754642857142857
30399,314,109,29.851479537785053,1.0,0.0,0.07657285714285714,0.6742964285714286
30511,315,112,43.37781221373007,1.0,0.0,0.07641285714285714,0.6730964285714286
30615,316,104,24.449515137821436,1.0,0.0,0.07626428571428572,0.6719821428571429
30689,317,74,-193.94536256836727,0.0,1.0,0.07615857142857144,0.6711892857142857
30795,318,106,41.5683310884051,1.0,0.0,0.07600714285714286,0.6700535714285714
30905,319,110,45.29660344030708,1.0,0.0,0.07585,0.668875
30973,320,68,-172.6375517360866,0.0,1.0,0.07575285714285715,0.6681464285714286
31073,321,100,25.129960699938238,1.0,0.0,0.07561,0.667075
31135,322,62,-129.278959274292,0.0,1.0,0.07552142857142857,0.6664107142857143
31251,323,116,29.29477296724872,1.0,0.0,0.07535571428571428,0.6651678571428572
31310,324,59,-166.47774790786207,0.0,1.0,0.07527142857142857,0.6645357142857142
31372,325,62,-186.3098878711462,0.0,1.0,0.07518285714285713,0.6638714285714286
31482,326,110,52.71938303112984,1.0,0.0,0.07502571428571428,0.6626928571428572
31595,327,113,45.26901514688507,1.0,0.0,0.07486428571428572,0.6614821428571429
31698,328,103,46.65549760265276,1.0,0.0,0.07471714285714286,0.6603785714285715
31761,329,63,-190.69148752093315,0.0,1.0,0.07462714285714286,0.6597035714285715
31861,330,100,37.750037128600525,1.0,0.0,0.07448428571428571,0.6586321428571429
31922,331,61,-115.57869847910479,0.0,1.0,0.07439714285714286,0.6579785714285714
31990,332,68,-181.55426837177947,0.0,1.0,0.0743,0.65725
32064,333,74,-186.06712528318167,0.0,1.0,0.07419428571428571,0.6564571428571429
32132,334,68,-186.88582050800323,0.0,1.0,0.07409714285714286,0.6557285714285714
32247,335,115,38.8150998800993,1.0,0.0,0.07393285714285713,0.6544964285714285
32351,336,104,35.59971744939685,1.0,0.0,0.07378428571428572,0.6533821428571429
32450,337,99,38.80044972104952,1.0,0.0,0.07364285714285715,0.6523214285714285
32514,338,64,-190.91112126782537,0.0,1.0,0.07355142857142857,0.6516357142857143
32577,339,63,-128.76980320736766,0.0,1.0,0.07346142857142857,0.6509607142857143
32683,340,106,43.18148477937211,1.0,0.0,0.07331,0.649825
32742,341,59,-179.33065409958363,0.0,1.0,0.07322571428571428,0.6491928571428571
32851,342,109,52.63771628588438,1.0,0.0,0.07307,0.6480250000000001
32914,343,63,-160.6826650686562,0.0,1.0,0.07297999999999999,0.64735
33023,344,109,43.759804614819586,1.0,0.0,0.0728242857142857,0.6461821428571428
33130,345,107,52.84906771034002,1.0,0.0,0.07267142857142857,0.6450357142857143
33196,346,66,-125.14433310832828,0.0,1.0,0.07257714285714285,0.6443285714285714
33252,347,56,-121.85073276376352,0.0,1.0,0.07249714285714286,0.6437285714285714
33365,348,113,38.50063307862729,1.0,0.0,0.07233571428571428,0.6425178571428571
33434,349,69,-124.63299496471882,0.0,1.0,0.07223714285714286,0.6417785714285714
33537,350,103,39.932556711137295,1.0,0.0,0.07208999999999999,0.640675
33652,351,115,48.32907471153885,1.0,0.0,0.07192571428571429,0.6394428571428572
33761,352,109,42.978337965905666,1.0,0.0,0.07177,0.6382749999999999
33837,353,76,-182.4916339442134,0.0,1.0,0.07166142857142857,0.6374607142857143
33948,354,111,43.35753447609022,1.0,0.0,0.07150285714285715,0.6362714285714286
34013,355,65,-167.6703764614649,0.0,1.0,0.07141,0.635575
34118,356,105,44.680368144996464,1.0,0.0,0.07125999999999999,0.63445
34174,357,56,-183.62152468040586,0.0,1.0,0.07118,0.63385
34282,358,108,51.59610312854056,1.0,0.0,0.07102571428571428,0.6326928571428572
34346,359,64,-164.80848281271756,0.0,1.0,0.07093428571428571,0.6320071428571429
34453,360,107,47.17350397631526,1.0,0.0,0.07078142857142858,0.6308607142857143
34517,361,64,-185.70875973254442,0.0,1.0,0.07069,0.630175
34624,362,107,36.17643878282979,1.0,0.0,0.07053714285714285,0.6290285714285715
34727,363,103,18.998577870428562,1.0,0.0,0.07039000000000001,0.6279250000000001
34838,364,111,33.47230465058237,1.0,0.0,0.07023142857142857,0.6267357142857143
34950,365,112,46.29523258192421,1.0,0.0,0.07007142857142856,0.6255357142857143
35057,366,107,43.75329511240125,1.0,0.0,0.06991857142857141,0.6243892857142856
35124,367,67,-183.7822041567415,0.0,1.0,0.06982285714285714,0.6236714285714287
35237,368,113,55.18562987819314,1.0,0.0,0.06966142857142857,0.6224607142857143
35350,369,113,44.341186970006675,1.0,0.0,0.0695,0.62125
35409,370,59,-170.27499260613695,0.0,1.0,0.06941571428571428,0.6206178571428571
35511,371,102,41.537322437390685,1.0,0.0,0.06927,0.619525
35608,372,97,38.619351708330214,1.0,0.0,0.06913142857142857,0.6184857142857143
35714,373,106,50.45503536518663,1.0,0.0,0.06898,0.6173500000000001
35791,374,77,-177.21129066543654,0.0,1.0,0.06887,0.616525
35859,375,68,-178.88613255694509,0.0,1.0,0.06877285714285714,0.6157964285714286
35927,376,68,-188.27875316888094,0.0,1.0,0.06867571428571428,0.6150678571428572
36040,377,113,40.837387760169804,1.0,0.0,0.06851428571428571,0.6138571428571429
36154,378,114,22.607087483163923,1.0,0.0,0.06835142857142856,0.6126357142857143
36266,379,112,48.52359829097986,1.0,0.0,0.06819142857142857,0.6114357142857143
36328,380,62,-126.30509244508721,0.0,1.0,0.06810285714285715,0.6107714285714286
36442,381,114,48.01530438289046,1.0,0.0,0.06794,0.60955
36515,382,73,-170.71330701559782,0.0,1.0,0.06783571428571428,0.6087678571428571
36624,383,109,32.034431394189596,1.0,0.0,0.06767999999999999,0.6076
36698,384,74,-114.59319808892906,0.0,1.0,0.06757428571428571,0.6068071428571429
36770,385,72,-175.55920614302158,0.0,1.0,0.06747142857142857,0.6060357142857143
36872,386,102,-5.8618053356185555,1.0,0.0,0.06732571428571428,0.6049428571428571
36934,387,62,-186.1453881249763,0.0,1.0,0.06723714285714286,0.6042785714285714
37005,388,71,-175.52381341994624,0.0,1.0,0.06713571428571427,0.6035178571428571
37068,389,63,-177.5583858191967,0.0,1.0,0.06704571428571429,0.6028428571428572
37128,390,60,-185.30323389405385,0.0,1.0,0.06695999999999999,0.6022000000000001
37238,391,110,44.912334409571486,1.0,0.0,0.06680285714285714,0.6010214285714286
37345,392,107,40.15822120383382,1.0,0.0,0.06665,0.599875
37407,393,62,-186.4604068249464,0.0,1.0,0.06656142857142858,0.5992107142857144
37513,394,106,44.81020332267508,1.0,0.0,0.06641,0.5980749999999999
37624,395,111,52.29741256311536,1.0,0.0,0.06625142857142857,0.5968857142857144
37685,396,61,-171.21438755840063,0.0,1.0,0.0661642857142857,0.5962321428571429
37799,397,114,45.081724394112825,1.0,0.0,0.06600142857142857,0.5950107142857143
37906,398,107,48.567131984978914,1.0,0.0,0.06584857142857142,0.5938642857142857
38020,399,114,-17.067096467129886,1.0,0.0,0.06568571428571429,0.5926428571428571
38092,400,72,-152.4397539757192,0.0,1.0,0.06558285714285714,0.5918714285714286
38198,401,106,-45.54345161514357,1.0,0.0,0.06543142857142856,0.5907357142857143
38296,402,98,41.27601258084178,1.0,0.0,0.06529142857142857,0.5896857142857143
38410,403,114,46.275000093039125,1.0,0.0,0.06512857142857142,0.5884642857142857
38521,404,111,34.675638671498746,1.0,0.0,0.06497,0.587275
38592,405,71,-180.46260389313102,0.0,1.0,0.06486857142857141,0.5865142857142857
38653,406,61,-176.61184853687882,0.0,1.0,0.06478142857142857,0.5858607142857143
38757,407,104,-15.221585754305124,1.0,0.0,0.06463285714285713,0.5847464285714286
38864,408,107,38.48066229003598,1.0,0.0,0.06448,0.5836
38928,409,64,-172.58722078055143,0.0,1.0,0.06438857142857143,0.5829142857142857
39036,410,108,39.57257495028898,1.0,0.0,0.06423428571428572,0.5817571428571429
39100,411,64,-184.11270532617345,0.0,1.0,0.06414285714285714,0.5810714285714286
39160,412,60,-176.6745863277465,0.0,1.0,0.06405714285714287,0.5804285714285715
39268,413,108,44.68371867318638,1.0,0.0,0.06390285714285715,0.5792714285714285
39342,414,74,-178.43460986064747,0.0,1.0,0.06379714285714286,0.5784785714285714
39456,415,114,48.854742272756994,1.0,0.0,0.06363428571428571,0.5772571428571429
39564,416,108,51.968985952436924,1.0,0.0,0.06348,0.5761
39628,417,64,-170.6872761324048,0.0,1.0,0.06338857142857143,0.5754142857142858
39705,418,77,-188.7820027321577,0.0,1.0,0.06327857142857143,0.5745892857142858
39780,419,75,-198.1983596151549,0.0,1.0,0.06317142857142857,0.5737857142857143
39850,420,70,-142.13797356560826,0.0,1.0,0.06307142857142857,0.5730357142857143
39963,421,113,46.118542773183435,1.0,0.0,0.06291,0.571825
40027,422,64,-168.86551174521446,0.0,1.0,0.06281857142857142,0.5711392857142857
40082,423,55,-123.61365693621337,0.0,1.0,0.06273999999999999,0.57055
40194,424,112,-0.9913055952638388,1.0,0.0,0.06258,0.56935
40268,425,74,-120.30296815186739,0.0,1.0,0.06247428571428571,0.5685571428571428
40378,426,110,45.51550844639132,1.0,0.0,0.062317142857142856,0.5673785714285714
40450,427,72,-168.95015685632825,0.0,1.0,0.062214285714285715,0.5666071428571429
40558,428,108,46.543131751939654,1.0,0.0,0.06206,0.56545
40665,429,107,48.41111025167629,1.0,0.0,0.061907142857142855,0.5643035714285713
40777,430,112,49.29702681256458,1.0,0.0,0.06174714285714286,0.5631035714285715
40893,431,116,56.6965590971522,1.0,0.0,0.06158142857142857,0.5618607142857143
41004,432,111,-50.12571968510747,1.0,0.0,0.06142285714285714,0.5606714285714285
41113,433,109,26.127119705080986,1.0,0.0,0.06126714285714286,0.5595035714285714
41226,434,113,47.574165641795844,1.0,0.0,0.06110571428571429,0.5582928571428571
41293,435,67,-127.12080470332876,0.0,1.0,0.06101,0.557575
41354,436,61,-181.15630690008402,0.0,1.0,0.06092285714285714,0.5569214285714286
41418,437,64,-122.03180787339807,0.0,1.0,0.06083142857142858,0.5562357142857143
41532,438,114,23.034999617375433,1.0,0.0,0.06066857142857143,0.5550142857142857
41587,439,55,-134.95333138853312,0.0,1.0,0.060590000000000005,0.5544250000000001
41696,440,109,2.120880553498864,1.0,0.0,0.06043428571428571,0.5532571428571429
41806,441,110,52.512834928464144,1.0,0.0,0.060277142857142856,0.5520785714285714
41911,442,105,50.322405403479934,1.0,0.0,0.060127142857142865,0.5509535714285715
41968,443,57,-178.15171740204096,0.0,1.0,0.060045714285714286,0.5503428571428571
42068,444,100,39.85954577103257,1.0,0.0,0.05990285714285714,0.5492714285714285
42180,445,112,17.33044881373644,1.0,0.0,0.059742857142857146,0.5480714285714285
42246,446,66,-191.76126947440207,0.0,1.0,0.05964857142857143,0.5473642857142857
42359,447,113,37.91420359350741,1.0,0.0,0.059487142857142856,0.5461535714285715
42463,448,104,33.723607160616666,1.0,0.0,0.059338571428571435,0.5450392857142857
42579,449,116,52.68755130423233,1.0,0.0,0.059172857142857145,0.5437964285714285
42689,450,110,41.15319808200002,1.0,0.0,0.05901571428571429,0.5426178571428572
42800,451,111,49.435114696621895,1.0,0.0,0.05885714285714286,0.5414285714285714
42900,452,100,-10.27672903239727,1.0,0.0,0.05871428571428571,0.5403571428571429
43002,453,102,46.0791826620698,1.0,0.0,0.05856857142857143,0.5392642857142858
43074,454,72,-119.1020212219737,0.0,1.0,0.05846571428571428,0.5384928571428571
43179,455,105,50.12703052908182,1.0,0.0,0.05831571428571429,0.5373678571428572
43294,456,115,28.90922823175788,1.0,0.0,0.05815142857142857,0.5361357142857143
43367,457,73,-178.75340775726363,0.0,1.0,0.05804714285714286,0.5353535714285714
43470,458,103,47.40360546950251,1.0,0.0,0.0579,0.53425
43529,459,59,-183.4855182915926,0.0,1.0,0.05781571428571429,0.5336178571428571
43591,460,62,-121.20536744315177,0.0,1.0,0.05772714285714286,0.5329535714285715
43653,461,62,-185.01932089030743,0.0,1.0,0.057638571428571435,0.5322892857142858
43766,462,113,45.88221613969654,1.0,0.0,0.05747714285714285,0.5310785714285714
43828,463,62,-174.6271151988767,0.0,1.0,0.05738857142857143,0.5304142857142857
43929,464,101,50.07308172760531,1.0,0.0,0.05724428571428572,0.5293321428571429
44001,465,72,-187.51114167273045,0.0,1.0,0.057141428571428565,0.5285607142857143
44058,466,57,-181.14675601944327,0.0,1.0,0.05706,0.52795
44161,467,103,47.31580878049135,1.0,0.0,0.056912857142857154,0.5268464285714286
44266,468,105,39.66008177399635,1.0,0.0,0.05676285714285714,0.5257214285714286
44379,469,113,56.38491468830034,1.0,0.0,0.05660142857142858,0.5245107142857143
44480,470,101,-32.39061181247234,1.0,0.0,0.05645714285714286,0.5234285714285714
44549,471,69,-127.1948951408267,0.0,1.0,0.056358571428571425,0.5226892857142857
44609,472,60,-189.27849672734737,0.0,1.0,0.05627285714285714,0.5220464285714286
44723,473,114,47.667191391810775,1.0,0.0,0.05610999999999999,0.520825
44796,474,73,-166.97523123770952,0.0,1.0,0.056005714285714284,0.5200428571428571
44909,475,113,37.419962094165385,1.0,0.0,0.05584428571428572,0.5188321428571429
45023,476,114,48.25193222332746,1.0,0.0,0.055681428571428576,0.5176107142857143
45085,477,62,-181.58379210531712,0.0,1.0,0.05559285714285715,0.5169464285714286
45157,478,72,-175.93341582734138,0.0,1.0,0.05549,0.516175
45224,479,67,-193.95570086315274,0.0,1.0,0.055394285714285715,0.5154571428571428
45338,480,114,47.55373303219676,1.0,0.0,0.05523142857142857,0.5142357142857142
45443,481,105,34.0409177984111,1.0,0.0,0.05508142857142857,0.5131107142857143
45549,482,106,13.237710320390761,1.0,0.0,0.05493000000000001,0.5119750000000001
45658,483,109,32.674215571954846,1.0,0.0,0.05477428571428572,0.5108071428571428
45759,484,101,35.12242867425084,1.0,0.0,0.05463000000000001,0.509725
45872,485,113,44.575620010029525,1.0,0.0,0.05446857142857142,0.5085142857142857
45981,486,109,2.332371015101671,1.0,0.0,0.05431285714285715,0.5073464285714286
46053,487,72,-167.5538566187024,0.0,1.0,0.054209999999999994,0.506575
46126,488,73,-179.94656581059098,0.0,1.0,0.054105714285714285,0.5057928571428572
46198,489,72,-117.26115877600387,0.0,1.0,0.054002857142857144,0.5050214285714286
46273,490,75,-183.7268148199655,0.0,1.0,0.05389571428571428,0.5042178571428572
46339,491,66,-194.7298927605152,0.0,1.0,0.05380142857142857,0.5035107142857143
46452,492,113,46.285312115680426,1.0,0.0,0.05364000000000001,0.5023
46555,493,103,38.74971680203453,1.0,0.0,0.05349285714285715,0.5011964285714285
46628,494,73,-128.06855853646994,0.0,1.0,0.05338857142857144,0.5004142857142857
46736,495,108,28.952095936983824,1.0,0.0,0.05323428571428572,0.49925714285714284
46842,496,106,24.331635349430144,1.0,0.0,0.053082857142857154,0.4981214285714286
46904,497,62,-172.03714484535158,0.0,1.0,0.052994285714285716,0.4974571428571428
46960,498,56,-121.31792718032375,0.0,1.0,0.05291428571428572,0.4968571428571429
47033,499,73,-175.16393898054957,0.0,1.0,0.052809999999999996,0.49607499999999993
47101,500,68,-159.3705770354718,0.0,1.0,0.052712857142857145,0.49534642857142863
47208,501,107,43.74623029354916,1.0,0.0,0.052559999999999996,0.4942
47307,502,99,17.18905284628272,1.0,0.0,0.052418571428571425,0.4931392857142858
47381,503,74,-126.7980044670403,0.0,1.0,0.05231285714285715,0.4923464285714285
47486,504,105,46.690501283854246,1.0,0.0,0.052162857142857136,0.4912214285714285
47598,505,112,48.73846057802439,1.0,0.0,0.05200285714285714,0.4900214285714286
47711,506,113,51.909512375015765,1.0,0.0,0.05184142857142858,0.4888107142857143
47816,507,105,39.43172679282725,1.0,0.0,0.05169142857142857,0.4876857142857143
47926,508,110,-2.6263742831069976,1.0,0.0,0.05153428571428571,0.4865071428571428
47998,509,72,-180.1231299317442,0.0,1.0,0.05143142857142857,0.4857357142857144
48105,510,107,-3.850231807678938,1.0,0.0,0.05127857142857144,0.4845892857142857
48207,511,102,14.225578244309872,1.0,0.0,0.05113285714285715,0.4834964285714285
48320,512,113,44.23330317810178,1.0,0.0,0.05097142857142857,0.4822857142857143
48377,513,57,-120.80948671139777,0.0,1.0,0.05088999999999999,0.48167499999999996
48479,514,102,-1.6582077853381634,1.0,0.0,0.050744285714285714,0.48058214285714285
48579,515,100,41.135787601582706,1.0,0.0,0.050601428571428575,0.47951071428571423
48686,516,107,17.246400989359245,1.0,0.0,0.050448571428571426,0.4783642857142857
48800,517,114,47.64388792170212,1.0,0.0,0.05028571428571428,0.4771428571428571
48905,518,105,6.9566281656734645,1.0,0.0,0.05013571428571428,0.47601785714285716
48968,519,63,-173.1790450811386,0.0,1.0,0.05004571428571429,0.4753428571428572
49079,520,111,60.690878621768206,1.0,0.0,0.04988714285714285,0.4741535714285714
49186,521,107,30.160063817631453,1.0,0.0,0.04973428571428572,0.47300714285714285
49283,522,97,57.02084914967418,1.0,0.0,0.049595714285714285,0.47196785714285716
49382,523,99,61.18321458995342,1.0,0.0,0.049454285714285715,0.47090714285714286
49489,524,107,2.0509604136750568,1.0,0.0,0.049301428571428565,0.4697607142857143
49602,525,113,27.67887531546876,1.0,0.0,0.04914,0.46855
49673,526,71,-182.65879661217332,0.0,1.0,0.04903857142857143,0.4677892857142857
49779,527,106,44.4008881226182,1.0,0.0,0.04888714285714285,0.46665357142857145
49894,528,115,63.243853862863034,1.0,0.0,0.04872285714285714,0.46542142857142854
50001,529,107,57.401520050596446,1.0,0.0,0.04857,0.464275
50115,530,114,52.23597980989143,1.0,0.0,0.04840714285714286,0.4630535714285714
50226,531,111,14.45870006410405,1.0,0.0,0.04824857142857143,0.4618642857142857
50336,532,110,43.38001979421824,1.0,0.0,0.04809142857142856,0.46068571428571425
50436,533,100,65.30540320416912,1.0,0.0,0.04794857142857144,0.45961428571428575
50549,534,113,59.01568933064118,1.0,0.0,0.04778714285714286,0.45840357142857147
50655,535,106,6.231018103659153,1.0,0.0,0.04763571428571428,0.4572678571428571
50722,536,67,-205.47780906036496,0.0,1.0,0.04754,0.45655
50830,537,108,42.89187473850325,1.0,0.0,0.047385714285714295,0.45539285714285715
50942,538,112,40.800413119606674,1.0,0.0,0.04722571428571429,0.4541928571428572
51055,539,113,54.79805899923667,1.0,0.0,0.047064285714285725,0.4529821428571429
51128,540,73,-200.7813439965248,0.0,1.0,0.04696,0.45219999999999994
51231,541,103,55.56569664506242,1.0,0.0,0.04681285714285714,0.4510964285714285
51298,542,67,-175.72156111709774,0.0,1.0,0.04671714285714286,0.4503785714285715
51403,543,105,-63.58051940007135,1.0,0.0,0.04656714285714286,0.4492535714285715
51512,544,109,67.04434955026954,1.0,0.0,0.046411428571428576,0.4480857142857143
51609,545,97,59.889351427555084,1.0,0.0,0.04627285714285714,0.4470464285714286
51719,546,110,18.035882994066924,1.0,0.0,0.04611571428571429,0.44586785714285715
51831,547,112,47.395708955358714,1.0,0.0,0.04595571428571428,0.44466785714285706
51902,548,71,-179.92898625135422,0.0,1.0,0.04585428571428572,0.44390714285714283
52012,549,110,48.068993974942714,1.0,0.0,0.04569714285714285,0.44272857142857136
52110,550,98,50.558200251311064,1.0,0.0,0.04555714285714285,0.44167857142857136
52223,551,113,32.11706720199436,1.0,0.0,0.04539571428571429,0.4404678571428572
52282,552,59,-122.62030597217381,0.0,1.0,0.04531142857142857,0.43983571428571433
52388,553,106,53.665185587015,1.0,0.0,0.045160000000000006,0.4387000000000001
52487,554,99,-3.422437746077776,1.0,0.0,0.04501857142857142,0.4376392857142857
52596,555,109,12.058269689325243,1.0,0.0,0.04486285714285715,0.4364714285714286
52696,556,100,41.33503900235519,1.0,0.0,0.044719999999999996,0.4354
52808,557,112,17.20465437322855,1.0,0.0,0.04456,0.43420000000000003
52913,558,105,54.64035617373884,1.0,0.0,0.044410000000000005,0.433075
53025,559,112,14.617080571129918,1.0,0.0,0.04425000000000001,0.431875
53136,560,111,55.76482969056815,1.0,0.0,0.04409142857142857,0.43068571428571434
53246,561,110,47.162590517196804,1.0,0.0,0.04393428571428572,0.42950714285714287
53359,562,113,50.08070816844702,1.0,0.0,0.04377285714285714,0.4282964285714286
53468,563,109,57.612537529319525,1.0,0.0,0.043617142857142854,0.4271285714285714
53567,564,99,49.813353586010635,1.0,0.0,0.043475714285714284,0.4260678571428571
53668,565,101,55.02423141337931,1.0,0.0,0.043331428571428576,0.4249857142857143
53781,566,113,65.8854402191937,1.0,0.0,0.04317,0.423775
53891,567,110,23.35180155793205,1.0,0.0,0.043012857142857144,0.42259642857142854
54002,568,111,54.1770350090228,1.0,0.0,0.04285428571428572,0.42140714285714287
54108,569,106,67.16990537382662,1.0,0.0,0.042702857142857154,0.42027142857142863
54165,570,57,-166.84101659432054,0.0,1.0,0.042621428571428574,0.4196607142857143
54262,571,97,4.201005488168448,1.0,0.0,0.04248285714285714,0.4186214285714285
54372,572,110,57.97589828213677,1.0,0.0,0.042325714285714286,0.4174428571428571
54484,573,112,52.12177404947579,1.0,0.0,0.04216571428571429,0.41624285714285714
54592,574,108,58.899044919293374,1.0,0.0,0.042011428571428575,0.4150857142857143
54701,575,109,43.940135539043695,1.0,0.0,0.04185571428571429,0.4139178571428572
54799,576,98,-2.3065234571695328,1.0,0.0,0.041715714285714287,0.4128678571428571
54905,577,106,50.06364657729864,1.0,0.0,0.04156428571428572,0.4117321428571429
54974,578,69,-153.2999534830451,0.0,1.0,0.041465714285714286,0.41099285714285716
55049,579,75,-114.74039460718632,0.0,1.0,0.041358571428571425,0.4101892857142857
55158,580,109,44.43869927315973,1.0,0.0,0.04120285714285715,0.40902142857142865
55258,581,100,70.38095153309405,1.0,0.0,0.04106,0.40795000000000003
55369,582,111,52.43806912191212,1.0,0.0,0.040901428571428575,0.40676071428571425
55484,583,115,53.75415759254247,1.0,0.0,0.04073714285714286,0.40552857142857146
55600,584,116,20.717604909092188,1.0,0.0,0.04057142857142858,0.40428571428571436
55715,585,115,51.51948748715222,1.0,0.0,0.040407142857142864,0.40305357142857146
55786,586,71,-185.09111458668485,0.0,1.0,0.04030571428571428,0.4022928571428571
55894,587,108,37.764381133485585,1.0,0.0,0.040151428571428574,0.4011357142857144
56007,588,113,46.8961469787464,1.0,0.0,0.03999,0.399925
56120,589,113,25.014706698260852,1.0,0.0,0.039828571428571435,0.3987142857142857
56221,590,101,64.02682473510504,1.0,0.0,0.039684285714285714,0.39763214285714277
56328,591,107,30.099383578635752,1.0,0.0,0.039531428571428565,0.3964857142857142
56442,592,114,55.74199803872034,1.0,0.0,0.03936857142857142,0.3952642857142856
56552,593,110,66.31722295563668,1.0,0.0,0.039211428571428564,0.39408571428571426
56663,594,111,67.40579788014293,1.0,0.0,0.03905285714285714,0.3928964285714285
56772,595,109,72.55955299269408,1.0,0.0,0.03889714285714285,0.3917285714285714
56881,596,109,-21.985800092108548,1.0,0.0,0.03874142857142858,0.39056071428571437
56985,597,104,29.020358465146273,1.0,0.0,0.03859285714285715,0.3894464285714285
57084,598,99,6.4483353048563,1.0,0.0,0.03845142857142858,0.38838571428571433
57157,599,73,-152.54862902686,0.0,1.0,0.03834714285714286,0.3876035714285715
57266,600,109,49.3544226414524,1.0,0.0,0.03819142857142857,0.3864357142857142
57370,601,104,31.834609458222985,1.0,0.0,0.03804285714285714,0.3853214285714286
57480,602,110,14.478452041745186,1.0,0.0,0.037885714285714286,0.3841428571428571
57583,603,103,67.0220390856266,1.0,0.0,0.03773857142857143,0.3830392857142857
57685,604,102,50.75896481005475,1.0,0.0,0.03759285714285715,0.3819464285714286
57746,605,61,-141.2665041796863,0.0,1.0,0.037505714285714295,0.3812928571428572
57847,606,101,11.86972239241004,1.0,0.0,0.03736142857142857,0.3802107142857143
57954,607,107,64.45127156330273,1.0,0.0,0.037208571428571424,0.37906428571428574
58068,608,114,27.85155573859811,1.0,0.0,0.03704571428571429,0.37784285714285715
58171,609,103,41.302064135699766,1.0,0.0,0.03689857142857143,0.3767392857142857
58245,610,74,-130.02040384196152,0.0,1.0,0.03679285714285714,0.37594642857142857
58355,611,110,32.44133489442174,1.0,0.0,0.036635714285714285,0.3747678571428572
58462,612,107,5.269147772341967,1.0,0.0,0.03648285714285715,0.37362142857142855
58563,613,101,63.38372394954786,1.0,0.0,0.03633857142857143,0.37253928571428574
58628,614,65,-116.14000684441999,0.0,1.0,0.036245714285714284,0.37184285714285714
58733,615,105,53.94667943753302,1.0,0.0,0.0360957142857143,0.3707178571428572
58849,616,116,47.82435076221009,1.0,0.0,0.035930000000000004,0.369475
58962,617,113,11.478521768003702,1.0,0.0,0.03576857142857144,0.3682642857142857
59071,618,109,-30.44110642001033,1.0,0.0,0.03561285714285714,0.36709642857142855
59182,619,111,14.599859980400652,1.0,0.0,0.035454285714285716,0.36590714285714276
59295,620,113,58.55012275232002,1.0,0.0,0.03529285714285714,0.3646964285714286
59404,621,109,46.70996302738786,1.0,0.0,0.03513714285714287,0.3635285714285714
59509,622,105,-9.38402239792049,1.0,0.0,0.034987142857142856,0.3624035714285714
59620,623,111,38.32733016088605,1.0,0.0,0.03482857142857143,0.3612142857142857
59728,624,108,54.98779484350234,1.0,0.0,0.03467428571428573,0.36005714285714285
59838,625,110,52.189835438504815,1.0,0.0,0.03451714285714287,0.3588785714285715
59944,626,106,41.6339401230216,1.0,0.0,0.03436571428571429,0.35774285714285714
60053,627,109,52.577735032420605,1.0,0.0,0.034210000000000004,0.356575
60164,628,111,57.3637782423757,1.0,0.0,0.03405142857142858,0.3553857142857143
60231,629,67,-160.17217081971467,0.0,1.0,0.033955714285714284,0.3546678571428571
60337,630,106,53.244078035932034,1.0,0.0,0.03380428571428572,0.35353214285714285
60435,631,98,51.89952869620174,1.0,0.0,0.033664285714285716,0.35248214285714285
60542,632,107,-5.939513675868511,1.0,0.0,0.03351142857142858,0.3513357142857143
60654,633,112,55.72269741538912,1.0,0.0,0.033351428571428574,0.3501357142857142
60758,634,104,27.371283124201,1.0,0.0,0.033202857142857145,0.3490214285714286
60868,635,110,-17.47840514080599,1.0,0.0,0.03304571428571429,0.3478428571428571
60973,636,105,48.292578130960464,1.0,0.0,0.03289571428571429,0.3467178571428572
61085,637,112,19.366701105609536,1.0,0.0,0.032735714285714285,0.3455178571428571
61188,638,103,3.832789781037718,1.0,0.0,0.032588571428571425,0.3444142857142857
61288,639,100,8.214803836774081,1.0,0.0,0.032445714285714286,0.34334285714285717
61390,640,102,47.0591007117182,1.0,0.0,0.03230000000000001,0.34224999999999994
61485,641,95,68.30493228882551,1.0,0.0,0.032164285714285715,0.3412321428571429
61598,642,113,52.2557897916995,1.0,0.0,0.03200285714285714,0.3400214285714285
61714,643,116,40.69000843213871,1.0,0.0,0.031837142857142856,0.3387785714285714
61824,644,110,51.838344713207334,1.0,0.0,0.03168,0.3376
61932,645,108,65.24815651215613,1.0,0.0,0.03152571428571428,0.33644285714285715
62033,646,101,45.09187102643773,1.0,0.0,0.031381428571428574,0.33536071428571435
62140,647,107,54.997179372701794,1.0,0.0,0.03122857142857144,0.3342142857142858
62251,648,111,5.495703734923154,1.0,0.0,0.03107,0.333025
62358,649,107,40.43023755309696,1.0,0.0,0.030917142857142865,0.33187857142857147
62465,650,107,72.8947091656737,1.0,0.0,0.030764285714285716,0.3307321428571428
62576,651,111,67.38392172893509,1.0,0.0,0.03060571428571429,0.32954285714285714
62680,652,104,66.5500710005872,1.0,0.0,0.030457142857142863,0.3284285714285714
62789,653,109,70.05568046076223,1.0,0.0,0.030301428571428576,0.32726071428571424
62856,654,67,-161.5212073288858,0.0,1.0,0.030205714285714294,0.32654285714285713
62970,655,114,49.41723046824336,1.0,0.0,0.03004285714285715,0.32532142857142854
63072,656,102,39.83775068400428,1.0,0.0,0.029897142857142858,0.3242285714285714
63176,657,104,-6.5049551469273865,1.0,0.0,0.02974857142857143,0.3231142857142857
63284,658,108,24.440162541344762,1.0,0.0,0.029594285714285712,0.32195714285714283
63345,659,61,-120.96794487349689,0.0,1.0,0.029507142857142857,0.32130357142857147
63411,660,66,-168.30351804196835,0.0,1.0,0.029412857142857143,0.32059642857142856
63520,661,109,67.82568778982386,1.0,0.0,0.029257142857142857,0.3194285714285714
63624,662,104,73.93565282225609,1.0,0.0,0.029108571428571442,0.31831428571428577
63720,663,96,66.70619439799339,1.0,0.0,0.02897142857142858,0.3172857142857143
63833,664,113,6.667830775957555,1.0,0.0,0.028810000000000002,0.316075
63945,665,112,75.4144347012043,1.0,0.0,0.02865000000000001,0.314875
64057,666,112,61.34370762621984,1.0,0.0,0.02849,0.3136749999999999
64162,667,105,-16.4384883698076,1.0,0.0,0.028340000000000004,0.31255
64220,668,58,-149.633668795228,0.0,1.0,0.028257142857142856,0.31192857142857133
64281,669,61,-155.76830783858895,0.0,1.0,0.02817,0.31127499999999997
64389,670,108,47.03002423001453,1.0,0.0,0.028015714285714283,0.3101178571428571
64500,671,111,-10.789460487663746,1.0,0.0,0.027857142857142872,0.30892857142857144
64609,672,109,58.08440840942785,1.0,0.0,0.02770142857142857,0.3077607142857143
64708,673,99,48.16236280230805,1.0,0.0,0.02756,0.3067
64817,674,109,18.859414405655116,1.0,0.0,0.027404285714285728,0.3055321428571429
64929,675,112,64.89475393900648,1.0,0.0,0.02724428571428572,0.30433214285714283
65043,676,114,48.5233407872729,1.0,0.0,0.027081428571428576,0.30311071428571434
65153,677,110,65.588680525776,1.0,0.0,0.02692428571428572,0.30193214285714287
65267,678,114,50.8723900122568,1.0,0.0,0.026761428571428575,0.3007107142857143
65371,679,104,73.91246702894568,1.0,0.0,0.026612857142857146,0.29959642857142854
65474,680,103,47.95016942408256,1.0,0.0,0.026465714285714287,0.2984928571428571
65585,681,111,31.446234452538192,1.0,0.0,0.026307142857142862,0.29730357142857144
65690,682,105,43.8770998371765,1.0,0.0,0.026157142857142865,0.2961785714285714
65800,683,110,27.267718754243106,1.0,0.0,0.02600000000000001,0.29500000000000004
65913,684,113,49.781290776561946,1.0,0.0,0.025838571428571433,0.29378928571428564
66026,685,113,39.29997787764296,1.0,0.0,0.025677142857142857,0.29257857142857147
66129,686,103,-6.914254007395357,1.0,0.0,0.02553000000000001,0.29147500000000004
66234,687,105,30.6845905482769,1.0,0.0,0.02538,0.29035
66341,688,107,12.526787166949362,1.0,0.0,0.02522714285714285,0.28920357142857145
66451,689,110,64.99855046533048,1.0,0.0,0.025069999999999995,0.288025
66550,690,99,46.71642973087728,1.0,0.0,0.024928571428571425,0.28696428571428567
66660,691,110,27.19652184844017,1.0,0.0,0.02477142857142857,0.2857857142857143
66773,692,113,30.275393293239176,1.0,0.0,0.024610000000000007,0.284575
66887,693,114,39.42903255019337,1.0,0.0,0.02444714285714286,0.2833535714285714
66990,694,103,72.55261537386104,1.0,0.0,0.024300000000000002,0.28225
67103,695,113,74.7781251296401,1.0,0.0,0.024138571428571426,0.2810392857142857
67214,696,111,55.700878124684095,1.0,0.0,0.02398,0.27984999999999993
67321,697,107,59.417832169216126,1.0,0.0,0.023827142857142866,0.2787035714285715
67433,698,112,21.15205778554082,1.0,0.0,0.02366714285714286,0.2775035714285714
67530,699,97,67.24962337128818,1.0,0.0,0.023528571428571426,0.2764642857142857
67631,700,101,71.38427684409544,1.0,0.0,0.02338428571428572,0.2753821428571429
67701,701,70,-215.18853969871998,0.0,1.0,0.023284285714285716,0.2746321428571429
67812,702,111,49.79343473399058,1.0,0.0,0.02312571428571429,0.2734428571428571
67915,703,103,71.4389861728996,1.0,0.0,0.02297857142857143,0.2723392857142857
68014,704,99,65.19431356713176,1.0,0.0,0.02283714285714286,0.2712785714285715
68126,705,112,24.689590012654662,1.0,0.0,0.022677142857142854,0.2700785714285714
68233,706,107,-24.623868379741907,1.0,0.0,0.02252428571428572,0.26893214285714284
68334,707,101,59.64881221577525,1.0,0.0,0.02238000000000001,0.26785000000000003
68445,708,111,55.51330115599558,1.0,0.0,0.022221428571428573,0.26666071428571425
68511,709,66,-162.00108650233597,0.0,1.0,0.02212714285714286,0.26595357142857146
68620,710,109,75.4799094083719,1.0,0.0,0.021971428571428572,0.2647857142857143
68729,711,109,54.58060448989272,1.0,0.0,0.021815714285714286,0.2636178571428571
68842,712,113,39.170953256543726,1.0,0.0,0.021654285714285723,0.26240714285714284
68943,713,101,68.39215452549979,1.0,0.0,0.02151,0.26132500000000003
69008,714,65,-115.01983254030347,0.0,1.0,0.02141714285714287,0.26062857142857143
69120,715,112,58.71126506105065,1.0,0.0,0.021257142857142863,0.25942857142857145
69229,716,109,56.20765321655199,1.0,0.0,0.021101428571428577,0.2582607142857143
69304,717,75,-147.6979776332155,0.0,1.0,0.020994285714285715,0.25745714285714283
69412,718,108,69.56146558374166,1.0,0.0,0.020839999999999997,0.2563
69490,719,78,-190.23825451591983,0.0,1.0,0.020728571428571443,0.2554642857142857
69599,720,109,7.776760771870613,1.0,0.0,0.020572857142857143,0.25429642857142853
69710,721,111,49.508441359270364,1.0,0.0,0.020414285714285718,0.25310714285714286
69822,722,112,49.471439115237445,1.0,0.0,0.020254285714285725,0.2519071428571429
69931,723,109,69.04391919402406,1.0,0.0,0.020098571428571424,0.2507392857142857
70039,724,108,47.20558451488614,1.0,0.0,0.020000000000000004,0.25
70150,725,111,61.88326646666974,1.0,0.0,0.020000000000000004,0.25
70246,726,96,65.2303937790166,1.0,0.0,0.020000000000000004,0.25
70319,727,73,-179.6774667543359,0.0,1.0,0.020000000000000004,0.25
70392,728,73,-218.4907117355615,0.0,1.0,0.020000000000000004,0.25
70500,729,108,69.0818444415927,1.0,0.0,0.020000000000000004,0.25
70613,730,113,36.5938685326837,1.0,0.0,0.020000000000000004,0.25
70728,731,115,43.17993701249361,1.0,0.0,0.020000000000000004,0.25
70844,732,116,6.087157489266247,1.0,0.0,0.020000000000000004,0.25
70919,733,75,-175.43706176429987,0.0,1.0,0.020000000000000004,0.25
71031,734,112,-4.186153158545494,1.0,0.0,0.020000000000000004,0.25
71097,735,66,-132.304764426779,0.0,1.0,0.020000000000000004,0.25
71205,736,108,75.23917714320123,1.0,0.0,0.020000000000000004,0.25
71302,737,97,-27.18660085136071,1.0,0.0,0.020000000000000004,0.25
71411,738,109,4.122775454074144,1.0,0.0,0.020000000000000004,0.25
71518,739,107,55.45858657640929,1.0,0.0,0.020000000000000004,0.25
71623,740,105,49.54594105994329,1.0,0.0,0.020000000000000004,0.25
71725,741,102,68.81355699850246,1.0,0.0,0.020000000000000004,0.25
71829,742,104,34.058875038754195,1.0,0.0,0.020000000000000004,0.25
71886,743,57,-153.84385377168655,0.0,1.0,0.020000000000000004,0.25
71999,744,113,15.595451864879578,1.0,0.0,0.020000000000000004,0.25
72109,745,110,37.840610371902585,1.0,0.0,0.020000000000000004,0.25
72214,746,105,70.98731506429613,1.0,0.0,0.020000000000000004,0.25
72315,747,101,52.611457712017,1.0,0.0,0.020000000000000004,0.25
72415,748,100,62.36147218942642,1.0,0.0,0.020000000000000004,0.25
72525,749,110,65.63959957708721,1.0,0.0,0.020000000000000004,0.25
72634,750,109,39.94800738617778,1.0,0.0,0.020000000000000004,0.25
72740,751,106,-10.690377954859287,1.0,0.0,0.020000000000000004,0.25
72849,752,109,51.3471286338754,1.0,0.0,0.020000000000000004,0.25
72955,753,106,67.75570608209819,1.0,0.0,0.020000000000000004,0.25
73059,754,104,48.11931023839861,1.0,0.0,0.020000000000000004,0.25
73171,755,112,44.23328161146492,1.0,0.0,0.020000000000000004,0.25
73282,756,111,51.97290215877001,1.0,0.0,0.020000000000000004,0.25
73348,757,66,-193.70152542786673,0.0,1.0,0.020000000000000004,0.25
73455,758,107,65.92764491960406,1.0,0.0,0.020000000000000004,0.25
73562,759,107,74.88124562241137,1.0,0.0,0.020000000000000004,0.25
73677,760,115,4.549904953222722,1.0,0.0,0.020000000000000004,0.25
73788,761,111,68.34919966384768,1.0,0.0,0.020000000000000004,0.25
73899,762,111,44.631834612227976,1.0,0.0,0.020000000000000004,0.25
73959,763,60,-169.55336462706327,0.0,1.0,0.020000000000000004,0.25
74072,764,113,-2.562268368434161,1.0,0.0,0.020000000000000004,0.25
74175,765,103,54.14155403897166,1.0,0.0,0.020000000000000004,0.25
74283,766,108,22.989114228636026,1.0,0.0,0.020000000000000004,0.25
74355,767,72,-150.42194910533726,0.0,1.0,0.020000000000000004,0.25
74467,768,112,50.76622228836641,1.0,0.0,0.020000000000000004,0.25
74574,769,107,4.707429524045438,1.0,0.0,0.020000000000000004,0.25
74679,770,105,70.02284331759438,1.0,0.0,0.020000000000000004,0.25
74795,771,116,14.87047242373228,1.0,0.0,0.020000000000000004,0.25
74897,772,102,54.89798187604174,1.0,0.0,0.020000000000000004,0.25
75008,773,111,67.33472959510982,1.0,0.0,0.020000000000000004,0.25
75116,774,108,34.98834403976798,1.0,0.0,0.020000000000000004,0.25
75215,775,99,47.86373795196414,1.0,0.0,0.020000000000000004,0.25
75328,776,113,33.08285066764802,1.0,0.0,0.020000000000000004,0.25
75434,777,106,1.9636302082799375,1.0,0.0,0.020000000000000004,0.25
75533,778,99,14.920307882595807,1.0,0.0,0.020000000000000004,0.25
75606,779,73,-114.63791276654229,0.0,1.0,0.020000000000000004,0.25
75719,780,113,71.85394718218595,1.0,0.0,0.020000000000000004,0.25
75829,781,110,75.01893111830577,1.0,0.0,0.020000000000000004,0.25
75901,782,72,-138.1636715172499,0.0,1.0,0.020000000000000004,0.25
75971,783,70,-166.8217705548741,0.0,1.0,0.020000000000000004,0.25
76083,784,112,58.622267846018076,1.0,0.0,0.020000000000000004,0.25
76184,785,101,46.860009010881186,1.0,0.0,0.020000000000000004,0.25
76290,786,106,70.00546564767137,1.0,0.0,0.020000000000000004,0.25
76401,787,111,59.58369348756969,1.0,0.0,0.020000000000000004,0.25
76514,788,113,51.538736938498914,1.0,0.0,0.020000000000000004,0.25
76581,789,67,-102.31586383655667,0.0,1.0,0.020000000000000004,0.25
76682,790,101,51.609293225687,1.0,0.0,0.020000000000000004,0.25
76793,791,111,54.43439917918295,1.0,0.0,0.020000000000000004,0.25
76850,792,57,-197.3113773725927,0.0,1.0,0.020000000000000004,0.25
76954,793,104,71.33003930561244,1.0,0.0,0.020000000000000004,0.25
77065,794,111,52.0841690977104,1.0,0.0,0.020000000000000004,0.25
77169,795,104,17.730686807073653,1.0,0.0,0.020000000000000004,0.25
77272,796,103,56.006848614197224,1.0,0.0,0.020000000000000004,0.25
77346,797,74,-97.31678775697947,0.0,1.0,0.020000000000000004,0.25
77410,798,64,-157.4704962261021,0.0,1.0,0.020000000000000004,0.25
77514,799,104,47.69596956158057,1.0,0.0,0.020000000000000004,0.25
77616,800,102,68.59645573003218,1.0,0.0,0.020000000000000004,0.25
77725,801,109,50.19987816317007,1.0,0.0,0.020000000000000004,0.25
77829,802,104,39.862520014401525,1.0,0.0,0.020000000000000004,0.25
77939,803,110,56.34903298178688,1.0,0.0,0.020000000000000004,0.25
78036,804,97,67.57555243885145,1.0,0.0,0.020000000000000004,0.25
78114,805,78,-207.20465404959396,0.0,1.0,0.020000000000000004,0.25
78188,806,74,-152.03792299004272,0.0,1.0,0.020000000000000004,0.25
78292,807,104,9.880610320717096,1.0,0.0,0.020000000000000004,0.25
78395,808,103,-5.904764300677925,1.0,0.0,0.020000000000000004,0.25
78506,809,111,75.86955279391259,1.0,0.0,0.020000000000000004,0.25
78610,810,104,62.89321886282414,1.0,0.0,0.020000000000000004,0.25
78716,811,106,66.71335769584402,1.0,0.0,0.020000000000000004,0.25
78785,812,69,-202.7205763272941,0.0,1.0,0.020000000000000004,0.25
78895,813,110,69.08718737587333,1.0,0.0,0.020000000000000004,0.25
78999,814,104,63.47472611442208,1.0,0.0,0.020000000000000004,0.25
79099,815,100,68.08041193708777,1.0,0.0,0.020000000000000004,0.25
79207,816,108,-4.521221958799288,1.0,0.0,0.020000000000000004,0.25
79316,817,109,67.07936573540792,1.0,0.0,0.020000000000000004,0.25
79417,818,101,41.953000880777836,1.0,0.0,0.020000000000000004,0.25
79523,819,106,73.83371894061565,1.0,0.0,0.020000000000000004,0.25
79632,820,109,48.47193050291389,1.0,0.0,0.020000000000000004,0.25
79735,821,103,61.699481558054686,1.0,0.0,0.020000000000000004,0.25
79791,822,56,-150.73781988816336,0.0,1.0,0.020000000000000004,0.25
79888,823,97,63.39628989575431,1.0,0.0,0.020000000000000004,0.25
79990,824,102,11.35545195476152,1.0,0.0,0.020000000000000004,0.25
80103,825,113,55.70044289063662,1.0,0.0,0.020000000000000004,0.25
80214,826,111,62.18170990096405,1.0,0.0,0.020000000000000004,0.25
80316,827,102,52.943875438097166,1.0,0.0,0.020000000000000004,0.25
80428,828,112,45.221604535370716,1.0,0.0,0.020000000000000004,0.25
80537,829,109,55.11543744802475,1.0,0.0,0.020000000000000004,0.25
80644,830,107,55.38854873739183,1.0,0.0,0.020000000000000004,0.25
80706,831,62,-200.07921666279435,0.0,1.0,0.020000000000000004,0.25
80807,832,101,72.30262822797522,1.0,0.0,0.020000000000000004,0.25
80918,833,111,0.20134473964571953,1.0,0.0,0.020000000000000004,0.25
81031,834,113,21.05080657452345,1.0,0.0,0.020000000000000004,0.25
81137,835,106,73.28473023558035,1.0,0.0,0.020000000000000004,0.25
81209,836,72,-169.2085307566449,0.0,1.0,0.020000000000000004,0.25
81271,837,62,-153.51376279070973,0.0,1.0,0.020000000000000004,0.25
81371,838,100,5.523139947094023,1.0,0.0,0.020000000000000004,0.25
81472,839,101,57.48137000948191,1.0,0.0,0.020000000000000004,0.25
81574,840,102,69.19161198614165,1.0,0.0,0.020000000000000004,0.25
81684,841,110,59.48020666278899,1.0,0.0,0.020000000000000004,0.25
81785,842,101,45.78574287286028,1.0,0.0,0.020000000000000004,0.25
81887,843,102,-4.065094623714685,1.0,0.0,0.020000000000000004,0.25
81956,844,69,-207.4234322910197,0.0,1.0,0.020000000000000004,0.25
82069,845,113,57.38600537972525,1.0,0.0,0.020000000000000004,0.25
82180,846,111,68.81721024494618,1.0,0.0,0.020000000000000004,0.25
82278,847,98,-47.72467167675495,1.0,0.0,0.020000000000000004,0.25
82389,848,111,56.720691612921655,1.0,0.0,0.020000000000000004,0.25
82494,849,105,66.3053824044764,1.0,0.0,0.020000000000000004,0.25
82605,850,111,68.9621093601454,1.0,0.0,0.020000000000000004,0.25
82711,851,106,66.7049440331757,1.0,0.0,0.020000000000000004,0.25
82821,852,110,58.59535322338343,1.0,0.0,0.020000000000000004,0.25
82927,853,106,62.39788621291518,1.0,0.0,0.020000000000000004,0.25
83036,854,109,65.44758117198944,1.0,0.0,0.020000000000000004,0.25
83141,855,105,-5.241831045597792,1.0,0.0,0.020000000000000004,0.25
83247,856,106,42.2445922801453,1.0,0.0,0.020000000000000004,0.25
83353,857,106,52.76194195449352,1.0,0.0,0.020000000000000004,0.25
83465,858,112,47.166106352582574,1.0,0.0,0.020000000000000004,0.25
83534,859,69,-159.8001449368894,0.0,1.0,0.020000000000000004,0.25
83645,860,111,27.606362100224942,1.0,0.0,0.020000000000000004,0.25
83753,861,108,60.06709635281004,1.0,0.0,0.020000000000000004,0.25
83860,862,107,63.636421917937696,1.0,0.0,0.020000000000000004,0.25
83966,863,106,58.09903806820512,1.0,0.0,0.020000000000000004,0.25
84064,864,98,47.825251726433635,1.0,0.0,0.020000000000000004,0.25
84181,865,117,57.40766657423228,1.0,0.0,0.020000000000000004,0.25
84283,866,102,8.540661010425538,1.0,0.0,0.020000000000000004,0.25
84391,867,108,74.50445311889052,1.0,0.0,0.020000000000000004,0.25
84494,868,103,51.98800823930651,1.0,0.0,0.020000000000000004,0.25
84604,869,110,62.76502271881327,1.0,0.0,0.020000000000000004,0.25
84708,870,104,57.506339190062135,1.0,0.0,0.020000000000000004,0.25
84814,871,106,-8.277574472129345,1.0,0.0,0.020000000000000004,0.25
84928,872,114,59.64992593834177,1.0,0.0,0.020000000000000004,0.25
85031,873,103,53.00486321747303,1.0,0.0,0.020000000000000004,0.25
85139,874,108,-53.458487389143556,1.0,0.0,0.020000000000000004,0.25
85246,875,107,69.19762660842389,1.0,0.0,0.020000000000000004,0.25
85350,876,104,60.8472541756928,1.0,0.0,0.020000000000000004,0.25
85460,877,110,53.16575741348788,1.0,0.0,0.020000000000000004,0.25
85564,878,104,60.930408995147445,1.0,0.0,0.020000000000000004,0.25
85671,879,107,59.543127954006195,1.0,0.0,0.020000000000000004,0.25
85741,880,70,-169.9880312383175,0.0,1.0,0.020000000000000004,0.25
85802,881,61,-119.4168538521044,0.0,1.0,0.020000000000000004,0.25
85904,882,102,54.07596145484422,1.0,0.0,0.020000000000000004,0.25
86015,883,111,-34.26946293236688,1.0,0.0,0.020000000000000004,0.25
86126,884,111,54.10204565245658,1.0,0.0,0.020000000000000004,0.25
86240,885,114,63.69556212425232,1.0,0.0,0.020000000000000004,0.25
86351,886,111,58.90896539669484,1.0,0.0,0.020000000000000004,0.25
86463,887,112,74.16924120113254,1.0,0.0,0.020000000000000004,0.25
86571,888,108,51.598664046730846,1.0,0.0,0.020000000000000004,0.25
86683,889,112,52.736863668542355,1.0,0.0,0.020000000000000004,0.25
86790,890,107,55.256687607616186,1.0,0.0,0.020000000000000004,0.25
86887,891,97,70.48111450532451,1.0,0.0,0.020000000000000004,0.25
86987,892,100,42.30631225183606,1.0,0.0,0.020000000000000004,0.25
87054,893,67,-165.1671538464725,0.0,1.0,0.020000000000000004,0.25
87151,894,97,70.18555194234432,1.0,0.0,0.020000000000000004,0.25
87264,895,113,8.862686485052109,1.0,0.0,0.020000000000000004,0.25
87376,896,112,53.16004767594859,1.0,0.0,0.020000000000000004,0.25
87488,897,112,67.3901492357254,1.0,0.0,0.020000000000000004,0.25
87592,898,104,-16.573757112942985,1.0,0.0,0.020000000000000004,0.25
87648,899,56,-183.62032470479608,0.0,1.0,0.020000000000000004,0.25
87759,900,111,-32.75644490122795,1.0,0.0,0.020000000000000004,0.25
87859,901,100,71.97665731795132,1.0,0.0,0.020000000000000004,0.25
87973,902,114,49.26508148293942,1.0,0.0,0.020000000000000004,0.25
88082,903,109,47.584785682644,1.0,0.0,0.020000000000000004,0.25
88191,904,109,59.22790897730738,1.0,0.0,0.020000000000000004,0.25
88295,905,104,68.79454684373923,1.0,0.0,0.020000000000000004,0.25
88403,906,108,51.20179931540042,1.0,0.0,0.020000000000000004,0.25
88514,907,111,64.55044390542025,1.0,0.0,0.020000000000000004,0.25
88618,908,104,31.18999642878771,1.0,0.0,0.020000000000000004,0.25
88719,909,101,69.72810912085697,1.0,0.0,0.020000000000000004,0.25
88831,910,112,74.16258714348078,1.0,0.0,0.020000000000000004,0.25
88938,911,107,53.396329059731215,1.0,0.0,0.020000000000000004,0.25
89045,912,107,56.490930853411555,1.0,0.0,0.020000000000000004,0.25
89152,913,107,30.747465319931507,1.0,0.0,0.020000000000000004,0.25
89262,914,110,67.25306989997625,1.0,0.0,0.020000000000000004,0.25
89364,915,102,47.32529127690941,1.0,0.0,0.020000000000000004,0.25
89468,916,104,57.7510587614961,1.0,0.0,0.020000000000000004,0.25
89577,917,109,69.56038565933704,1.0,0.0,0.020000000000000004,0.25
89688,918,111,59.8862494896166,1.0,0.0,0.020000000000000004,0.25
89790,919,102,67.97317984327674,1.0,0.0,0.020000000000000004,0.25
89896,920,106,53.37133463914506,1.0,0.0,0.020000000000000004,0.25
89996,921,100,45.02921523526311,1.0,0.0,0.020000000000000004,0.25
90108,922,112,51.981136713176966,1.0,0.0,0.020000000000000004,0.25
90210,923,102,63.451544045936316,1.0,0.0,0.020000000000000004,0.25
90323,924,113,-2.116792544722557,1.0,0.0,0.020000000000000004,0.25
90433,925,110,54.147074714790506,1.0,0.0,0.020000000000000004,0.25
90502,926,69,-166.74800540553406,0.0,1.0,0.020000000000000004,0.25
90613,927,111,-23.126625142991543,1.0,0.0,0.020000000000000004,0.25
90723,928,110,43.39967323979363,1.0,0.0,0.020000000000000004,0.25
90829,929,106,56.439430894795805,1.0,0.0,0.020000000000000004,0.25
90938,930,109,51.3840111955069,1.0,0.0,0.020000000000000004,0.25
91048,931,110,10.62820307770744,1.0,0.0,0.020000000000000004,0.25
91159,932,111,13.295070614665747,1.0,0.0,0.020000000000000004,0.25
91216,933,57,-166.76126540452242,0.0,1.0,0.020000000000000004,0.25
91324,934,108,53.43297312781215,1.0,0.0,0.020000000000000004,0.25
91436,935,112,55.942907807417214,1.0,0.0,0.020000000000000004,0.25
91538,936,102,62.76365805789828,1.0,0.0,0.020000000000000004,0.25
91635,937,97,72.0892987055704,1.0,0.0,0.020000000000000004,0.25
91747,938,112,74.84083204297349,1.0,0.0,0.020000000000000004,0.25
91853,939,106,32.10452862037346,1.0,0.0,0.020000000000000004,0.25
91911,940,58,-214.77179861441255,0.0,1.0,0.020000000000000004,0.25
92017,941,106,5.2569032441824675,1.0,0.0,0.020000000000000004,0.25
92122,942,105,58.73327714577317,1.0,0.0,0.020000000000000004,0.25
92193,943,71,-159.59999969229102,0.0,1.0,0.020000000000000004,0.25
92294,944,101,64.35810470953584,1.0,0.0,0.020000000000000004,0.25
92407,945,113,64.75797537015751,1.0,0.0,0.020000000000000004,0.25
92504,946,97,67.33477697893977,1.0,0.0,0.020000000000000004,0.25
92611,947,107,73.5226156450808,1.0,0.0,0.020000000000000004,0.25
92727,948,116,55.78267707815394,1.0,0.0,0.020000000000000004,0.25
92832,949,105,48.99128720909357,1.0,0.0,0.020000000000000004,0.25
92899,950,67,-189.16637128591537,0.0,1.0,0.020000000000000004,0.25
93000,951,101,51.039918567519635,1.0,0.0,0.020000000000000004,0.25
93106,952,106,65.03897778317332,1.0,0.0,0.020000000000000004,0.25
93214,953,108,67.08431995101273,1.0,0.0,0.020000000000000004,0.25
93324,954,110,47.305211177124875,1.0,0.0,0.020000000000000004,0.25
93423,955,99,54.09518373105675,1.0,0.0,0.020000000000000004,0.25
93525,956,102,3.74268247326836,1.0,0.0,0.020000000000000004,0.25
93636,957,111,57.28461645776406,1.0,0.0,0.020000000000000004,0.25
93740,958,104,53.930991392582655,1.0,0.0,0.020000000000000004,0.25
93840,959,100,62.78324071643874,1.0,0.0,0.020000000000000004,0.25
93948,960,108,52.31425627274439,1.0,0.0,0.020000000000000004,0.25
94052,961,104,-48.025845006108284,1.0,0.0,0.020000000000000004,0.25
94160,962,108,13.538939110469073,1.0,0.0,0.020000000000000004,0.25
94227,963,67,-212.40535275638103,0.0,1.0,0.020000000000000004,0.25
94335,964,108,61.82211013464257,1.0,0.0,0.020000000000000004,0.25
94400,965,65,-169.01138108968735,0.0,1.0,0.020000000000000004,0.25
94471,966,71,-170.33632118999958,0.0,1.0,0.020000000000000004,0.25
94581,967,110,-24.813496709335595,1.0,0.0,0.020000000000000004,0.25
94688,968,107,70.86740785418078,1.0,0.0,0.020000000000000004,0.25
94794,969,106,54.023774723988026,1.0,0.0,0.020000000000000004,0.25
94899,970,105,39.14747987454757,1.0,0.0,0.020000000000000004,0.25
95009,971,110,49.559679325670004,1.0,0.0,0.020000000000000004,0.25
95118,972,109,-7.822505206335336,1.0,0.0,0.020000000000000004,0.25
95188,973,70,-204.41024563505198,0.0,1.0,0.020000000000000004,0.25
95296,974,108,53.46571493893862,1.0,0.0,0.020000000000000004,0.25
95363,975,67,-182.27174514904618,0.0,1.0,0.020000000000000004,0.25
95467,976,104,52.40701714577153,1.0,0.0,0.020000000000000004,0.25
95542,977,75,-160.4736235924065,0.0,1.0,0.020000000000000004,0.25
95647,978,105,49.65859147394076,1.0,0.0,0.020000000000000004,0.25
95747,979,100,46.96325207315385,1.0,0.0,0.020000000000000004,0.25
95841,980,94,70.17087150551379,1.0,0.0,0.020000000000000004,0.25
95950,981,109,35.911236030980945,1.0,0.0,0.020000000000000004,0.25
96055,982,105,64.19185484340414,1.0,0.0,0.020000000000000004,0.25
96133,983,78,-171.82151558995247,0.0,1.0,0.020000000000000004,0.25
96239,984,106,59.79248428111896,1.0,0.0,0.020000000000000004,0.25
96351,985,112,66.22972769290209,1.0,0.0,0.020000000000000004,0.25
96461,986,110,73.47570434538648,1.0,0.0,0.020000000000000004,0.25
96575,987,114,55.84075059695169,1.0,0.0,0.020000000000000004,0.25
96680,988,105,53.702812030445784,1.0,0.0,0.020000000000000004,0.25
96755,989,75,-101.32399807916954,0.0,1.0,0.020000000000000004,0.25
96858,990,103,46.383146749809384,1.0,0.0,0.020000000000000004,0.25
96965,991,107,64.61355775222182,1.0,0.0,0.020000000000000004,0.25
97064,992,99,66.07376424735412,1.0,0.0,0.020000000000000004,0.25
97176,993,112,58.639231687411666,1.0,0.0,0.020000000000000004,0.25
97279,994,103,62.10885689407587,1.0,0.0,0.020000000000000004,0.25
97391,995,112,53.48985358886421,1.0,0.0,0.020000000000000004,0.25
97496,996,105,41.22775923879817,1.0,0.0,0.020000000000000004,0.25
97603,997,107,73.91337703168392,1.0,0.0,0.020000000000000004,0.25
97706,998,103,55.489627830684185,1.0,0.0,0.020000000000000004,0.25
97819,999,113,54.46626461669803,1.0,0.0,0.020000000000000004,0.25
97925,1000,106,10.503139960579574,1.0,0.0,0.020000000000000004,0.25
98032,1001,107,67.6640004273504,1.0,0.0,0.020000000000000004,0.25
98145,1002,113,27.41649524634704,1.0,0.0,0.020000000000000004,0.25
98246,1003,101,5.220143146812916,1.0,0.0,0.020000000000000004,0.25
98359,1004,113,74.23023343924433,1.0,0.0,0.020000000000000004,0.25
98465,1005,106,55.475900292396545,1.0,0.0,0.020000000000000004,0.25
98578,1006,113,53.496827953029424,1.0,0.0,0.020000000000000004,0.25
98680,1007,102,59.80049514397979,1.0,0.0,0.020000000000000004,0.25
98793,1008,113,57.265359847806394,1.0,0.0,0.020000000000000004,0.25
98897,1009,104,47.24720638571307,1.0,0.0,0.020000000000000004,0.25
99005,1010,108,-54.375688690692186,1.0,0.0,0.020000000000000004,0.25
99115,1011,110,55.87313890084624,1.0,0.0,0.020000000000000004,0.25
99225,1012,110,61.63483230210841,1.0,0.0,0.020000000000000004,0.25
99337,1013,112,12.101149313151836,1.0,0.0,0.020000000000000004,0.25
99448,1014,111,58.23285379167646,1.0,0.0,0.020000000000000004,0.25
99545,1015,97,55.29761778334796,1.0,0.0,0.020000000000000004,0.25
99654,1016,109,54.55700417095795,1.0,0.0,0.020000000000000004,0.25
99763,1017,109,73.26587222144008,1.0,0.0,0.020000000000000004,0.25
99874,1018,111,53.35453897342086,1.0,0.0,0.020000000000000004,0.25
99980,1019,106,53.23976435465738,1.0,0.0,0.020000000000000004,0.25
